{
  "camera_matrix": [
    [
      3020.944580078125,
      0.0,
      2079.912109375
    ],
    [
      0.0,
      3020.492919921875,
      1497.353271484375
    ],
    [
      0.0,
      0.0,
      1.0
    ]
  ],
  "resolution": [
    1920,
    1080
  ],
  "baseline_m": 0.07500000476837158
}