{
  "camera_matrix": [
    [
      1450.0533447265625,
      0.0,
      998.3577880859375
    ],
    [
      0.0,
      1449.8365478515625,
      538.7295532226562
    ],
    [
      0.0,
      0.0,
      1.0
    ]
  ],
  "resolution": [
    1920,
    1080
  ],
  "baseline_m": 0.07500000476837158
}